{
  "main": {
    "id": "1a1df19d49540ce9",
    "type": "split",
    "children": [
      {
        "id": "819547bce71e0b6b",
        "type": "tabs",
        "children": [
          {
            "id": "ed0463e76e517296",
            "type": "leaf",
            "pinned": true,
            "state": {
              "type": "markdown",
              "state": {
                "file": "book/general/78 Областей Мышления.md",
                "mode": "preview",
                "source": false
              },
              "pinned": true
            }
          },
          {
            "id": "ca5db1c6f4c4f1da",
            "type": "leaf",
            "pinned": true,
            "state": {
              "type": "kanban",
              "state": {
                "file": "podcast/Untitled Kanban.md"
              },
              "pinned": true
            }
          },
          {
            "id": "2036edf681ecd3b9",
            "type": "leaf",
            "state": {
              "type": "markdown",
              "state": {
                "file": "Блог.md",
                "mode": "preview",
                "source": false
              }
            }
          }
        ],
        "currentTab": 2
      }
    ],
    "direction": "vertical"
  },
  "left": {
    "id": "fcd91cdeb2df06d7",
    "type": "split",
    "children": [
      {
        "id": "d02cd3ae2066efe7",
        "type": "tabs",
        "children": [
          {
            "id": "46e5e630a25aa87e",
            "type": "leaf",
            "state": {
              "type": "file-explorer",
              "state": {
                "sortOrder": "alphabetical"
              }
            }
          },
          {
            "id": "17b954fa283f9571",
            "type": "leaf",
            "state": {
              "type": "search",
              "state": {
                "query": "pat kay",
                "matchingCase": false,
                "explainSearch": false,
                "collapseAll": false,
                "extraContext": false,
                "sortOrder": "alphabetical"
              }
            }
          },
          {
            "id": "deae03351bb235d4",
            "type": "leaf",
            "state": {
              "type": "starred",
              "state": {}
            }
          }
        ]
      }
    ],
    "direction": "horizontal",
    "width": 300
  },
  "right": {
    "id": "ea43530064539147",
    "type": "split",
    "children": [
      {
        "id": "122ac2ef1aeed8ec",
        "type": "tabs",
        "children": [
          {
            "id": "a849b43f43dbf44d",
            "type": "leaf",
            "state": {
              "type": "backlink",
              "state": {
                "file": "Блог.md",
                "collapseAll": false,
                "extraContext": false,
                "sortOrder": "alphabetical",
                "showSearch": false,
                "searchQuery": "",
                "backlinkCollapsed": false,
                "unlinkedCollapsed": true
              }
            }
          },
          {
            "id": "87c9e8180525691f",
            "type": "leaf",
            "state": {
              "type": "outgoing-link",
              "state": {
                "file": "Блог.md",
                "linksCollapsed": false,
                "unlinkedCollapsed": true
              }
            }
          },
          {
            "id": "ef86f4c327eac775",
            "type": "leaf",
            "state": {
              "type": "tag",
              "state": {
                "sortOrder": "frequency",
                "useHierarchy": true
              }
            }
          },
          {
            "id": "97414374611750d3",
            "type": "leaf",
            "state": {
              "type": "outline",
              "state": {
                "file": "Блог.md"
              }
            }
          }
        ]
      }
    ],
    "direction": "horizontal",
    "width": 300,
    "collapsed": true
  },
  "left-ribbon": {
    "hiddenItems": {
      "switcher:Open quick switcher": false,
      "graph:Open graph view": false,
      "canvas:Create new canvas": false,
      "daily-notes:Open today's daily note": false,
      "templates:Insert template": false,
      "command-palette:Open command palette": false,
      "footlinks:Footlinks": false,
      "obsidian-textgenerator-plugin:Generate Text!": false,
      "obsidian-textgenerator-plugin:Text Generator: Templates Packages Manager": false
    }
  },
  "active": "2036edf681ecd3b9",
  "lastOpenFiles": [
    "podcast/Untitled Kanban.md",
    "pat kay.md",
    "books/The Creative Act - Rick Rubin.md",
    "books",
    "Untitled",
    "blog/Пять Препятствий на Пути к Самообладанию — копия.md",
    "blog",
    "Блог.md",
    "Untitled 1.md",
    "about/100 фактов обо мне.md",
    "about/Untitled.md",
    "examples/Нравится подвал у maximevaillancourt.com.md",
    "examples/Нравится подвал у.md",
    "examples/Untitled.md",
    "Дайте себе разрешение на творчество.md",
    "articles/Дайте себе разрешение на творчество, Итан Хоук - YouTube.md",
    "Give yourself permission to be creative _ Ethan Hawke.mp4.md",
    "articles/Как вдохновить других людей.md",
    "Обзор 30 сек.md",
    "book/general/The Creative Act - Rick Rubin.md",
    "book/general/Книга.md",
    "book/general/Варианты перевода заголовка.md",
    "book/general/78 Областей Мышления.md",
    "articles/Моя статья для всего.md",
    "How to Access Your Creativity.md",
    "Untitled.md",
    "VC статья.md",
    "podcast/Публикации подкаста.canvas",
    "podcast",
    "book/draft-ru/01 Каждый является творцом (Everyone Is a Creator).md",
    "book/draft-ru/60 Свобода (Freedom).md",
    "articles",
    "examples/Untitled",
    "book/draft-ru",
    "book/draft-en",
    "textgenerator/prompts/trash/default",
    "textgenerator/prompts/trash"
  ]
}